beautiful,3622
vibrant,4012
diverse,4002
complex,2472
dynamic,4005
ancient,1050
resilient,3492
blue,840
fertile,44
precious.,203
crucial,8
lush,328
rotating,296
inhabited.,10
interconnected,3055
layered,7
evolving.,653
sprawling,22
evolving,1330
fragile.,350
expansive,288
fragile,1687
unique,121
ancient.,61
intricate,533
alive,69
interconnected.,304
precious,220
complex.,163
vast,1097
unique.,246
living,24
life-sustaining,160
chaotic,4
living.,24
delicate,94
lively,54
enigmatic,19
expansive.,13
majestic.,132
colorful,46
alive.,149
nourishing.,23
majestic,557
green.,2
rugged,16
mysterious,283
resilient.,142
nourishing,52
inhabited,86
nurturing,228
mountainous,73
resourceful,24
ever-changing.,59
thriving,83
essential.,277
bustling,15
wondrous.,18
essential,101
nurturing.,98
interdependent,31
warm,19
ever-changing,92
balanced,12
beautiful.,107
picturesque,8
oxygen-rich,1
vibrant.,6
breathtaking,50
life-sustaining.,137
energetic,3
supportive,8
spherical,48
serene,90
rotating.,62
timeless,10
rocky,42
life-filled,25
spinning.,6
mysterious.,39
enigmatic.,4
changing,64
awe-inspiring,28
delicate.,20
vast.,66
enchanting,57
challenging,5
watery,5
round,22
changing.,10
finite,9
soothing,5
vital,35
connected.,3
timeless.,5
vital.,47
volcanic,1
blue.,53
atmospheric,31
harmonious,45
rich,53
breathtaking.,21
captivating,41
natural,3
home.,21
sustaining,14
intricate.,13
reflective,1
peaceful,10
homey,1
abundant,53
lively.,29
immense,12
sustaining.,24
magnificent,20
revolving.,1
fundamental.,1
populated,10
organic.,1
endless,3
unpredictable,9
life-giving.,7
harmonious.,17
exquisite,1
round.,6
mesmerizing.,5
enchanting.,24
cherished,1
abundant.,12
rhythmic,3
sacred,10
hospitable,14
extraordinary,1
biodiverse,7
colossal,3
cyclical,6
spherical.,11
sustainable,8
rounded,1
temperate,14
spinning,23
magnificent.,25
connected,10
life-filled.,15
historic,5
terrestrial,14
awe-inspiring.,26
fluctuating,11
magical,2
powerful,19
soothing.,1
dynamic.,4
rich.,4
ominous.,1
circular,7
bustling.,4
andfragile.,3
生命力。,1
bountiful,10
mineral-rich,3
organic,7
home,7
mesmerizing,8
thriving.,49
robust,4
wondrous,11
celestial.,6
captivating.,19
teeming.,4
transformative,6
variable,1
planet,1
massive,3
boundless,2
varied.,2
valuable,5
extraordinary.,6
tranquil,12
historical,4
innovative,1
intertwined,6
green,6
spiraling,1
immense.,1
distinctive,1
life-giving,4
enduring,5
hospitable.,2
shimmering,1
evolved,2
limited.,1
radiant.,4
fascinating,19
enriching,1
life-supporting,2
warming,4
ailing,1
ancestral,1
oceanic,2
fluid,13
flowing,1
生命的(life-giving),1
lush.,4
sacred.,2
inspiring,1
aspherical.,1
turbulent,5
shifting,7
nurturant,1
critical.,1
stunning,7
varied,3
familiar,1
lifelike,1
welcoming,1
radiant,4
aquatic,2
andessential.,1
vulnerable,2
significant,2
boundless.,1
wonderous.,1
versatile,1
azure.,1
finite.,6
revolutionary.,2
picturesque.,1
continuallychanging,1
busy,1
dense,2
solid,5
habitable.,2
habitable,3
luminous,11
tropical,1
sophisticated,1
constantly-changing.,2
生命.,2
生命(life).,1
elemental,1
resources-rich,1
constant,2
生命。,2
serene.,6
perplexing.,1
fleeting,3
grand,1
intriguing,4
ecological,2
diverselyvibrant,1
brittle,1
profound,2
lifeless.,1
rotational,4
supportive.,3
atmospheric.,3
tranquil.,1
warm.,2
contrasting,1
constantly-changing,3
intriguing.,4
powerful.,5
infinitelycomplex,1
impactful,1
multifaceted,2
oscillating,1
magical.,1
treacherous,1
teeming,4
governed.,1
colorful.,3
spacious,3
valuable.,1
endless.,1
natural.,2
geologic,1
chaotic.,1
stunning.,3
refreshing,1
временами,1
multicolored.,1
celestial,1
flourishing,2
unified,1
encompassing,1
bluish,2
geological,1
astonishing.,1
andevolving.,1
unpredictable.,4
colossal.,1
complicated,2
remarkable.,1
tempestuous,1
andthriving.,1
luminous.,1
sturdy,2
planetary.,1
molten,1
environment,1
transformative.,2
fertile.,3
invaluable,1
andprecious.,1
perplexing,1
protective.,1
生命的,1
pristine.,1
fascinating.,2
ephemeral,1
swirling,4
volatile,3
floral,1
aging,1
diverse.,2
pristine,1
cosmic,1
structured,1
biospheric,1
crucial.,2
floating,1
invaluable.,1
life-supporting.,1
inhabitable,3
responsive.,1
healing.,1
indispensable.,1
diverselybeautiful,1
extensive,1
bountiful.,2
daunting,1
textured,2
formidable,1
pulsing,1
habitability.,1
constant.,1
resourceful.,1
noisy,1
tumultuous,2
azure,2
peaceful.,1
gaseous,1
planet.,1
necessary,1
bounded,1
untamed,1
ever-evolving,1
fluid.,1
arid,2
生命之源,1
scenic,1
transforming,1
biogenic,1
gracious,1
profound.,1
orbital.,1
hostile,2
fragmented,1
astonishing,1
harmonic,2
amazing,1
surrounded,1
compelling.,1
verdant,1
precarious,1
geologically.,1
magnetic.,1
enduring.,2
suspended,1
exquisite.,1
shimmering.,1
magnetic,1
fluctuating.,2
brutal,1
livable.,1
inspiring.,1
biophilic.,1
rotate,1
insightful,1
rolling,1
harmonizing.,1
transforming.,1
plentiful,1
miraculous.,1
andresilient.,1
large,1
active,1
ordinary.,1
spontaneous,1
earthy,1
mountainous.,2
old,1
crowded,1
restless,1
fruitful,2
生命力,1
temporary,1
habitat.,1
liveable.,1
constantly-evolving,1
brilliant.,1
