vast,blue,green,diverse,dynamic,stellar,ancient,living,resilient,fragile.,verdant,spherical,rotating,swirling,complex,unique.,livable,habitable,magnetic,resilient.,asymmetrical,orbital,beautiful.,warm,evolving,home,life-giving,celestial,terrestrial,majestic,resourceful,lush,polarized,massive,blue-green,magnetized,sustainable,celestial.,fragile,orbiting,abundant.,clement,inhabited.,spinning,mysterious,organic.,large,magnificent.,reforming,turbulent,wondrous.,organic,lively,vibrant.,spirited,precious.,intricate,rocky,habitable.,live,cherished,temperate,spectacular,transient,home.,shifting,cradling,breathtaking.,alive,abundant,life-giving.,plentiful,cosmic,rich,evolving.,luminous,geological,shared(home).,vibrant,magnificent,life-sustaining,nucleus,terrestrial.,sustaining,awe-inspiring,explorable.,life-bearing,nurturing,stunning.,ever-changing,varying,volatile,life-nurturing,gravitational,third-rock,eternal.,blue-white,azure,terraqueous,inhabited,thirdrock,swirlingorb,celestialhome.,astronomical,fiery,firm.,life-supporting,geologicallyactive,oxygen-rich,thirdplanetfromthesun,preserveslife.,sustained,mysterious.,celestialorb,life-sustaining.,fertile,continental,aqueous,swirling.,unpredictable,majestic.,constantlychanging,water-dominated,multiple,ferrous,oxygenated.,gigantic,diverse.,cradle,warming,lifegiving,sustaining.,rolling,hospitable.,energetic,oval,pulsating,rotund,ever-changing.,life-harboring,mantled,coalescing,whirling,breathable,tilting,gorgeous,teeming,gaseous,azure-dotted,gravity-bound,ape-originated,earth-orbiting,cosmic.,meteorological,liquid,munificent,blue.,liveable,awe-inspiring.,growing,blue-marbled,geologicallydynamic,historical,astronomicallysignificant,wondrous,temperate-zone,orbiting(inreferencetoearth),housing,thirdrockfromthesun,magical,geologically-active,twirling(inorbit).,precious,spaceship,multiple-layered,biodiverse.,oasis,lumnious,azure-encased,terrestrialsphere,multi-layered,blue-greenorb,dynamicallyactive,geologicallyvibrant,gravitationallybound,celestialbody,cosmically-orbiting,geographically-varied,sphere,hospitable,colossal,echoing(habitatforlife),mineral-rich,oceanic,orbiting.,spacious,ever-rotating,granite-crusted,biodiverse,rotund.,oscillating,atmosphericallycomplex,terrestriallyvaried,celestialorb.,interconnected,cyclic,bluish,warm.,cobweboflife,blazarofweather,ringed,crustalplate-bound,oasisofwater,planetarymoonholder.,enigmatic.,tumultuous,mesmerizing,breathtaking,self-regulating.,life-bearing.,air-enveloped,aerated,multicultural.,circular,blue-green.,geologically-diverse,sweltering,frigid,gravitationally-bound,livingplanet,teemingwithlife,swirlingsphere,spinninginspace,hometohumanity.,blue-greensphere,aquatic-cradled,constantlyshifting,cosmicallyorbiting,humanity'shome.,habitat,azure(fortheoceans),green(fortheland),solitary(inourcurrentunderstanding).,harmonious,rotatingsphere,orbitedbyonemoon,inevitable,life-cradling,giant,diverselandscapes,spinningsphere,cosmicwonder,cradleofhumanity,biologicallyrich,weather-beaten,mars-like(desert),green(rainforest),icy(poles),fiery(volcanoes),swirling(atmosphere),blue-green(ocean).,magnetic.,complex.,vital,mottled(withcontinentsandoceans),balance(betweenlifeandlifelessness),magical.,rippling(seismicactivity),glowing(fromhumanandgeologicalactivity),terraformed,ancient.,delicate,greenandbrown,blue-neutralatmosphere,geologicallydiverse,celestialwonder.,drifting,gallopingorbofwater,tectonicallyactive,celestialsphere,abundantinbiodiversity,swirlingorbitaldance,blue-greenjewel,pale-bluishdot.,revolving,third.,beautiful,spherical.,azure-hued,aberrant(moon),geodynamic,rotational,green(continents),infinite(oceans),plural(continentsandislands),vastlyinhabited,heterogeneous,primal.,magma-cored,spiraling,cold,hot,extraordinary.,balanced,unexplored,spheroidal,ripe,irreplaceable,sprawling,breathing,various,dynamic.,freezing,ecosystem,finite.,habitat.,molten-cored,eccentric,earth-bound,vivid,quaking,ethereal,molten.,fluctuating,burning,mystifying.,volcanic,immense,plural(planetarybodies),serene,boundless,exhilarating,incandescent.,third,pale.,radioactive,blue-marbled.,nurturing.,mystical.,multicultural,water-abundant,vast.,vivacious,ever-evolving.,third-rock-from-the-sun,natural,watery,divine.,streaming,stellar.,heavy,tectonic,omnipresent.,sapphire,whirlwindofelements,astral,shimmering,habitated,temporal,mystical,globally-connected.,life-nurturing.,marbled,captivating.,atmospheric,third(fromthesun),gyrating,luminousorb,aqueoushaven,terrestrialhome,sapientcradle,geologicalmosaic,inhabitedmarvel.,lithosphere,biosphere.,fiery(innercore),vivacious(aurorae),gravitational(force),blue(oceans),fortuitous,solitary.,mparameters(size,mass),luminous(day),shadowy(night),pulsating(tides),swirling(winds),cradling(life).,rustic,welcoming.,omnipresent,incredible.,epic,transformative,ceaseless,habitat-rich,beauty,dynamically-heated,enumerable,incandescent,blue-greenpalace,water-veined,intricatecrust,spinningorbital,magneticallyshielded,aquatic,terrestriallydiverse,gravity-governed,rotating-axis-tilted,iridescent.,unique,gas-giantmoon,earthy,blazing(sun-kissed),grande,verde,azul,rivereado,vivaz,variado,lejano,rocoso,luminoso,water-read,varied,distant,swirling(planets),green(vegetation),warm(climate),living(biodiversity),rotating(rotation),evolving(history),sustained(ecosystem),awe-inspiring(beauty),striking,permitthedraftbeerwatchwithfootball!,stunning,climaticallydynamic,composed,intriguing.,earthly.,windy,timeless,red-spotted,craggy,cradling.,bustling,orb,responsive,mystifying,homespun.,ripe(withlife),orbital.,spheroid,luminescent,losingmorethanayearortwoyearsbuthassincebeenworkingatanormalwindspeed.,denselypopulated,aerial,significant.,cosmically-bound.,omnicultural,variegated,infinite,lithographic,single,anddiverse.,gaping(forvolcanoes),icy(forpolarregions),powerful,moon-orbiting.,atmosphere-enveloped,fascinating,cruel,blazing,harmonious.,rich.,increasinglyinhabited,planetary,crustal,invigorating,impacted,floating,dynamicallybalanced,warmed,iridescent,stable,life-filled,roto-stellar,evolutionary,principally-aquatic,soaring,blue-marble(toencompassbothblueandgreen),cratered,luminous.,kaleidoscopic,roving,multicolored,diversified,inclement,fertile.,luminescent(duetoday-nightcycle),lithospheric,successfully-habitable,relentless.,rweye-shaped,marshalled(referringtobothitsgravitationalforceandthehumaneffortstounderstandandutilizeitsresources).,sun-orbiting,entropic,multiplanetary.,casual,renewing,sustainable.,terraformed(implyingithasbeenshapedbylife),substantive,transparent(atmosphericlayers),bountiful,always-rotation,abundant-life,diverse-ecosystems,living-planet,celestial-wanderer.,earthy-cradled,moon-orbiting,instantaneous(toemphasizethefleetingnatureofourunderstandingandexploration,giventhevastnessandcomplexityofearth).,cradle-of-life,celestial-wanderer,inhabitable-yet-desirable.,vastounding,bbreath-taking,glife-giving,mmysterious,llivable,iincredible,odiverse,rresilient,ppowerful,ssublime.,oval-spherical,radiant,sturdy,oxygenated,hydrosphere,atmosphere,"dynamic.

explanation:
-massive:theearthisoneofthelargestplanetsinoursolarsystem.
-blue:theearthappearsbluefromspace",third(fromthesun).,oceans-cradled,dark(night),abundant(resources).,orbiting(massive,blue-greenplanetwithswirlingwaterandlandmasses,harboringanactivemagneticfieldwhilecontinuouslyrotating,,"wehaveintroducedseveral_self-isolating_plans
theeigarifvyplayersintroductowholegitimatelycorpse",ithinkinduceconfusionandstillgetsintheway;thetunescomprisingofvariouspieces;comprisingselectionsandchorusesarebadlyoutofcourtfortheaudienceandtheperform,"880"")sobeautiful",thermal,crystalline,valuable,living.,crucial.,geologic,astrological,complicated,masculine(inastronomicalgender),revolutionary,expansive,romantic,enigmatic,monumental,dynamical,dynamics,eternal,metallic,space-bound,colorful,avaricious,rugged,mysteriouslyintricate.,tranquil,interstellar,molten,rive-riddled,swirlling,elemental.,temporal.,diversity-rich,sparkling,wonderful,ominous(duetohumanimpact),topsy-turvy,robust,coriolis-influenced,emerald,multifarious,preserved,abling,hazy,roaring,expanding,index,never-ending,prolific,glowing,sagacious(understanding,wisdomappliedtowholeplanet'swell-being),spun-glass,pristine.,orbitingearth,teeminglife,intricateecosystem,celestialjewel.,teeming.,bluespotted,green-hearted,miracle.,abundant(inspecies),variable(climate),luminous(nightside).,sheltered,sphere-shaped,unpredictable.,multifaceted.,selectionoflandscapes,blue-greenmarbler,rotatingorb,earthly,transparentatmosphere,oblatespheroid,liveliest(ofplanets),myth-cradling,home(toushumans),wisdom-of-ages,future-possibility.,gravitationalcenter,swirlingcosmicdance,watery-terrestrial,azure(referringtooceans),terran(rocky),aqueous(withcontinentssurroundedbyseas),swirling(referringtorotation),home(oflife).,ecosystem-rich,spirited(geologicalactivities),organic(life-bearing),complex(biologicaldiversity),orbiting(revolutionaroundthesun).,lithosphere-cryosphere-atmospheresystem(lca),palebluedot,aqueous(oceans),rough(terrain),dynamic(geologicalactivity),warm(temperature),luminous(daylight),inhabited(lifeforms).,mineral,himalayan,lunar,torrid,restless,vulnerable.,channeled(referringtoriversystems),gyrating(referringtorotationalmovement),sweltering(referringtoequatorialheat),frozen(referringtopolarice),evolving(inreferencetoitshistoryandongoingchanges).,shrinking.,icy,rotating.,pluralistic,aeriallybreathtaking,cosmicallydelicate.,orb.,climaticallyvariable,thirdfromthesun,glistening,lived-in,profound,changing,folderoloflife,blooming,forested,mountainous,earth,vital.,environmentallycomplex,variable.,extraordinarilycomplex.,firey,revelatory.,crustaceous,peculiar.,linguisticallyrich,mosaic,towering,primeval,terrain-varied,gravitating,discovered,provocative,biosphere-rich,resonant,wild,fractionallymagnetized,biosphere-nurturing,geologically-dynamic,bluer-than-blue,vibrant-living,variable,habituallyrotating,monthlywaxing,gravitationallybound.,winding(inreferencetorivers),towering(formountains),delicate(forecosystems).,circadian,coreless.,resizeable,illuminated.,temperamental,sublunar,chaotic,intricate.,pivotal.,habitat-earth,round.,rhythmic(referringtotidesandseasons),captivating,immense.,sublime,oracle(representingitshistoricalandfuturepotential).,aetherial,homely,primary,impermanent,brimming.,pluralistic(hometodiverselifeforms),swirling(withdustandgasesduringformation),vibrant(throughlandscapes,weather,andnaturalphenomena).,fecund,terran,gleaming,blazing(referringtothesunatitscenter),sustainable(whencaredfor),living(thismaynotconveythefullcomplexity,butit'sconcise!),third-rocks-from-the-sun,juxtaposingwildernessandurbanlandscapes,intricatelyinterconnected,mysteriouslybeautiful.,water-dominant,gravitational.,sustained.,thirdrockfromsun,indomitable.,integrated.,blue-greenwatered,astronomicalorb,climate-changing,civilization-cradling.,breathtakinglybeautiful,sphere.,thriving,russet-brown,multilayered,singular,delicate.,continuous,ceaselessly-evolving,inhabitable,rotation-defying,hothouse,gravitationalpowerhouse,swirlingwithcontinents,emotional,inhabitable.,one-of-a-kind,home(tohumanity).,fifth,fascinating.,intelligent,broad,inherent,multifaceted,flourishing,biologicallydiverse,environmental,hydrogen-rich,cradle.,timeless.,comfortable,friendly(formanyorganisms),balancing,corundum-encased(forinnerlayers),luminousorbit,enduring.,fluid,organic(living),swinging(gravitationally),impactful,maternal,life-nourishing.,homely.,cradleoflife,purposeful,organic(vast,organic),generated,grand,vividlyswirlingwithlife,teemingwithdiversespecies,envelopedbyasingularatmosphere,cherishedhome,perpetuallyrotating,eccentricallyorbiting,life-given.,crusty,gold-flecked,astronomicallydiverse,temporallyevolving.,green(lands),circular(rotating),living(inhabitedbylife),astronomical(distancefromthesun),magnetic(innercore).,aqueous(foroceans),swirling(forweatherpatterns),lively(forhumanactivityandecosystems).,terraformed(bylife),speckled(referringtoitsarrayoflandmasses,oceans,andcontinents,creatingaspeckledappearancefromspace).,gravity-bound.,paradox.,spatial.,cosmicwomb,eclectic,ultimatelyunique.,angled,azure-splashed,alien,extraordinary,natural.,habitatic,formidable,sapient.,andbreathtaking.,swirlingwithlife,heartless(regardingitscareforlife),multi-layered.,disk,rdeveloping,loved,bewildering,ethereallybeautiful,terrestrialhome.,terraformed(bylife).,lithosphere-dominated,globular,imateless,green.,earth.,varying.,moving,clarified(clearatmosphere),experiential(offeringavarietyofexperiences),combustible(magmaandvolcanoes),ropolitan(habitat+metropolitan),orbital(orbit+terrestrial),metallic-cored,velvet-encased,arid(deserts),frozen(poles).,abbreviatedasearth,domainofhumanity.,liquid-crusted,green-veined,incandescent(forday),starlit(fornight),ever-spinning,alluring,luxurious,constant.,glowing(fromsun),swirling(withgases),fluctuating(temperature),historic,rotating.(vastreferstoitssize,lushreferstoitsvegetation,diversemeansthevarietyofspecies,livingimpliesthatitsupportslife,blue-greenrepresentsitsoceans,atmosphericallyenveloped,luminousfrommoon.,blazing(hotcore),orbiting(revolutionaroundsun).,astronautically-significant,historically-inhabited,biologically-rich,earthly-beautiful.,preciselyrotating,warmlylife-rich,magnesium-ironsphere,orbitingagoldenstar,ancientandever-evolving.,"terraformed.

pleasenotethatthisanswerusestendifferentwordsandanadverb","whiletechnicallychallengingthe""tenadjectives""rule","it'simportanttounderstandthattheword""",blue-greenmarble,swirlingoceans,toweringmountains,hummingwithdiversity,wreathedinatmosphere,blazingwithsunlight,whisperinghistory,eternaldance.,essential,sapphire.,ecological.,celestiallyplaced,hurling,spectral.,transformed.,transformed,switchblade-moon-encircled,magma-crystallized,oxygen-rich.,wanderer,miraculous.,scenic,luminous(day-side),dark(night-side),varied.,celestialgem,mixed(referringtolifeandrock),lifeless-yet-nurturing,predominantlyterrestrial,three-dimensional,life-supporting.,ferris-wheel(orbitsthesun),crustal(outerlayer),hydrospheric,fiery(forvolcanoes),living(forbillionsoforganisms).,ecological,vivid.,migrating,temperature-varied,mighty,upheaving,custodian,blue-greenplanet,orbitedbymoon,withvastoceans,andexpansiveforests.,pulsing,remarkable,crying,incandescent(moltencore),swirling(foritsrotationalmotion).,serene.,adventurous,noble,primarily-water,seismically-active,third-from-the-sun,sacred,incredible,coral-encircled,aerially-variant,terrestriallyabundant,continuously-evolving.,transient(foritsever-changinglandscapesandclimates),fourthplanetfromthesun,magic-filled,tempestuous,obsidian-spotted(forcontinents),nurturing(foritslifesupportsystems),radiant(fromthesun),layered,geodiverse,imperfect,sufficient,cradleoflife.,cosmically-positioned.,terraformed.,liquid-covered,substantial,vastoundinglydiverse,awe-inspiringlybeautiful,resilientlydynamic,fascinatinglycomplex,life-sustainingearth,majesticallyspiraling,mysteriouslyancient,incrediblyvast,sereneoasis,incomparablyunique.,crowded,bulging,heated,mining,stone,somewhatspherical,rotation,profound.,alive.,transient.,oroblanco,olutional,interconnected.,bountiful.,palpable,mammoth,sublime.,unifying.,cosmicwanderer,aspiring,astounding.,aviary,pulsating.,primarilywater,habitual.,birthing,alivingplanet,liquid-terrestrial,epochal,lifesustaining,multilayered.,inconstant.,humblyinhabited,incrediblyresilient,green(land),spiritual,changeable,lunar(desert),oasis(rainforests),swirling(weather),quakable,spinningorb,gesunkenne('submerged',ingerman,foroceans),bioresilient,lithosphere-covered,astrobiological-playground,celestial-wonder.,bluest,creational,echo-system,triaxial,heating,cooling,emerging,dynamically-active,rare,rhyming(referringtotheharmonyofitscycles),plural(oflife),terrestrial(thirdplanetfromsun).,elusive.,balmy,earthen.,ball-shaped,swirlingocean,toweringmountain,anthropologicalcradle.,green(forests),vibrant(ecosystems),aerial(atmosphere),ferrous(innercore),oxic(outeratmosphere),abundant(life),swirling(galacticneighborhood),enormous,magic.,naturallybeautiful,geothermal,precarious,ferromagnetic,nourishing,orbitingsun,spacious.,transforming,ubiquitous,radiating,dichotomous,celestial-body,self-sustaining,3rd-rock,habitual,ddynamic,territorial,melodic(initsgeologicalprocesses),spiraling(initsorbit),pluralistic(intermsoflifeforms),diverse(ingeographicalfeatures),orbital(initsmotionaroundthesun).,oxygenating,divergent,goldilocks,cosmicallytransient.,azing,breath-taking.,golden(sun-kissed),ever-evolving,crystallinecore.,adored.,cosmicallysituated,celestialmarvel,water-covered,structurallyresilient,auroral,stoic,eccentric.,celestialhome,green(terraformed),pictured,rotation-driven,atmosphere-nested,carbon-rich,climate-influencing,realm,divided,inhabitant-rich,ethnoculturallydiverse,biodynamicallycomplex,life-harboring.,sundry-habitat,blue-greenglobe,vastoceans,vastdeserts,thirdrockfromthesun.,blue-gradient,green-luculent,ferruginous,azure-crowned,liquid-orb,inhabitant-fertile,huge,grotesque,"/3)securityofthetorresalbusswim.
*^{\rm\ddagnesebbingsage}
*^{\rm\ddabusyellowexcelsroom}questalascaruffabelle^{(spag)swim}",aptlyrotating,diversity-laden,blue-greenswirlingorb,inhabitedsphere,celestialrefuge,lushtapestry,geologicalmarvel,cosmicoasis,fragilebeauty.,gaia(asasymboloflifeandinterconnectedness),terrestrial(denotingitasaplanetofsolidrock).,cradling(vast,greenplanetthat'sdynamic,whirlingwhilecradlinglife.),rocky.,"anythingagainsttheexport-strickendevelopmentspecificallydesignedtobeinstalledonwindowsxpforexcelgames.

>bloodynolongplayercustomanimatedgamefordosnevermind
>loading
>hurrdurrrr
>raaaaaaaaaaaaaaaaaaa
>t'm""t'm
>",the5555849490lll.4212000000000000&51556be3341%5186018619550079293584$,06552,"atleastwriteinterfacesdedicatedtogeorgemichaelevans!

""solongtostay","g.monopolyrocks.""

help","let'sgotoqueen!

anyway!goingtothevipchannel!

right","ican'twalk!

oops!allwrong",butthefloor,youtoenjoythestatusofjiggyconferences.redorchestra?itisalreadyeatenup,"leavinginlasvegas!

amberincludedanorchestraatablequiteeightyprecededthecounselinnumberseven.leggendhassancorumeinlasagnawasplayedenormously.

venput",cultivated,rough-terrained,plural-ecosystemed,solar-orbiting,climatically-diverse.,atraumatic(peaceful,andresilient,conveyingtheearth'shealingandregenerativeproperties),mountains,magic,hydrogen-dominant,primarilyterrestrial,blue(water),rare(habitableplanet),home(forhumanity).,luminescent(day),moonlit(night),ranging,energetic.,blue-dot,passionate,healing,juxtaposing,gargantuan,sculptured,elemental,terrain-rich,aspirant,colliding,orbited.,amazing.,lithosphere-craton,hydrosphere-oceanus,fourth-rock-from-the-sun,naturallydynamic,oftenbeautiful.,artistic,aging,sublunar.,torqued,moon-accompanied,time-weathered.,humed,asyncorbiting,gradient-temperature,thirdrock.,aeonal,throbbing,cyclical,rolling(forlandscapes),swirling(forweather),blues-dotted,lush-green,roaring-silent,sagacious(life-bearing),etched,blue-dotted,boldlyinhabited.,cosmicallyunique,vastlycomplex,nuanced,murmuring(oceans),radiant(day),dark(night).,tumultuous.,culturallyvibrant,interstellarwanderer.,roelling(rotating),spheroidal(slightlyoblate),incandescent(sunlit),inhospitable(darkside).,suspended,[blue-green]habitable,blue-dot(toencapsulateitsappearancefromspace).,heart-like,glowing(frominternallygeneratedheat),biotic,magma-filled.,tectonically-active,storied.,tonned,ice-capped,stone-encased,humming,amazing,astrobiological.,brimming,paradoxical,host,grazing,flowing,groaning,particular,evolutionary.,cryosphere-encircled,planetearth.,finite,spring-summer-autumn-wintercycling,life-hosting,steller,earthy.,remarkable.,etherial,homeworld.,accreted,gyroscopic,copper-hued,life-bearer,terranean,ocean-cradled,dense,justright(goldilocksprinciple),swirling(planetarymotion),river-crossed,steaming,breatheable.,geologicallydiverse.,blue-dot.,celestialwanderer,abundant(water).,yielding,_green,ocean-dotted,storied,origin.,catalyst,lusive(richinplantlife),aqueous(fullofwater),rotund(round),aged,cradle(vast,dynamicplanetwithdiverselife,revolvingonitsaxis,servingasmulticulturalcradle,warminclimate.),lebenswelt(germanforlivingworld),azure-capped,verdant-veined,terraqueous.,blues-dominated(fromadistance),verdant(terrestrially),lively(biologically),aerially-varied,astronomical-body,geriatric,interwoven,phenomenal.,stabilizing,morphing,miraculous,rusty,terran.,ethereal.,inexhaustible,dynamical.,powerhouse.,converging,mystery,luminousbyday,starlitbynight,roaring(forvolcanoes),peaceful(forcalmmoments).,phenomenal,manifold,swallowable(moons),luminous(stars),solid,crisp,vivacious.,core-heated,atmosphere-enveloped.,shockinglybeautiful,surging,life-preserving.,hobbled(byhumanimpact),spectacular.,abundant(inresources),hovering,seismic,unending,diversity,life-embracing.,dreaming,ephemeral,possible.,gem-encrusted,versatile,blazing(day),chilling(night),rich(biodiversity),shadowed(night),scorched-terraformed(mars).,astral.,humid,heartbeat,gas-giantmoon(earth's),gentlegiant,sentinel.,homey,blazar,bioactive,absorbent,solid-liquid-gaseous,astrobiologicalwonder,ecologicallydiverse,orbitalwonder,mondial.(vast:refertoitssize,blue:fortheoceans,rotating:itspinsonanaxis,diverse:varietyofecosystems,life-,orbitingayellowstar,teemingwithdiversity,dominantterrestrialplanet,surroundedbyatmosphere,orbitingthesun,thirdrockfromsol,astronomicalobject,swirlingwithweather.,constantly-changing,luminous(duetomoon),hub,inhospitable(muchofsurface),domed,celestial-orbiting,intricatelylayered.,rotationally-spinning,melodious(soundofwind,waves,life),dynamically-active(volcanoes,tectonicplates),cosmically-orbiting(aroundthesuninthemilkywaygalaxy).,"terraformed.

(note:sincei'matext-basedaianddon'thaveavisualinterface",idon'thavetheabilitytodescribetheearthintermsofadjectives,fractal,thirdfromsun,respiratory,lush.,spirited.,wide,life-borne,atmosphericallysurrounded,coursing,differentiable,staggering,plural(referringtolifeforms),stalwart,azure.,liveliest,wonders.,major,aggregate,ddiverse,being,spiritedblueorb,swingingtitan,swirlinghaven,celestialjewel,enigmaticlandscape.,blue-marble.,oxidizing,biospheric,luminescent(night),celestial(day),effervescent,cosmicallyinsignificant,vividly-hued,palatable(intermsofvariouslifeforms),blazing(forthesun),freezing(forthepoles),wounded(forenvironmentaldamage),meteor-ridden.,terraformed[assumingyoumeant'formed'andintendedthistomeannaturalinorigin].,meteorite-laden,cosmicwanderer.,life-rich,rotation-prone,tilted,intelligent.(lasttwoareastretch,butearthhasbeengivenintelligencethroughhumanbeingsandisconstantlyvaryingduetonaturalprocesses.),insignificant(inthegrandcosmicscale),luminous(day/nightcycle),watery(oceans),terrestrial(lands).,swirlingwithoceans,mountedbytoweringmountains,enigmaticwanderer.,soulful.,heavenly.,tellurian,respiring,"celestial.

explanation:
-giant:theearthisthelargestoftheeightplanetswithinoursolarsystem.
-blue-green:thisdescribestheearth's",molten-hearted,swinging(orbiting),integral.,transient(seasons),awe-inspiring(landscapes),nurturing(ecosystems),habitable(forlife).,shotthroughwithmagneticfields,intricatelylayered,vaster,hostile,acidic,iron-rich,orbited,ferruginous(iron-rich),mineral-abundant,seismicallyactive,cosmically-positioned,light-reflecting,george-major-harrison-cradling,echoing-with-humanity's-song.,masonic(inreferencetothepuzzle-likecontinents),rustic(forunspoiledlandscapes),ancient(withhistorydatingbackbillionsofyears),sustaining(providingforallearthlylife),fragile(requiringcarefulpreserv,shaping,quivering,golden,meteorologicallydynamic.,lifeless-yet-teeming,animated,megafauna-hosting,habitating.,sylvan,tantalizing,populated,blue-and-green,revolutionizing,aqueous.,hurtling,divine(ifpersonifying).,relentless,plural(hometomillionsofspecies),litho-andhydro-spheric,enduring,lifely,exceptional,ceilingless.,multipurpose,blazing(forthesun'sinfluence),breathtaking(foritsbeauty),marvelous,oceans-embraced,titanic,green-blooming,axis-balanced,livingplanet.,rotation-governed,constant-weathering,cradle(oflife).,astronomical.,apricot-tinted,ultimate.,solar,sapphire(atmosphere).,marvelous.,orbicular,star-bound.,recycling,tantalizinglymysterious.,generous,home(ly).,axis-tilted,extinct(indicatingitspotential).,cradleofhumancivilization,cosmicsphere,unexplored.,impacted.,amber(forsunsets),frozen(forpolarregions),rich(inbiodiversity),warm(core),unfathomable.,angelic,augmented(byhumaningenuity).,modular(crust,mantle,core),diverse(flora,fauna,cultures),ethereal(auroras,sunsets,moonscapes),spinning(rotation),swirling(revolution).,dinosaural(tosuggestitshistory),dynamic(forearthquakes,weatherchanges),luminous(aurora,stars),hospitable(forlife),liminal(standingbetweenthecosmosandworldoflife).,endless,uitwarmend(dutchforwarming),verdant(greenandfertile),gravitational(orbitingthesun),organic(inreferencetothelivingorganismsthatcallithome).,hoffynamic(ablendofhotandgeospheric,referringtoitsinternalheat),lithospheric(thesolidoutermostlayer),orbiting(revolvingaroundthesun).,hsetattribute{color:#228b22;text-decoration-color:#228b22;background-color:transparent}hsinceate-line-through,swirling(vastblue,greenandlife-sustaining,rotatingrockyplanet,withdiverseandswirlingecosystems,teemingwithgrazinglife),singular.,iverse,immersive.,cultivated.,picturesque.,different,wobbling,convoluted,intriguing,maternal.,shrinking,velocious,blue-giant,complexsystem,hughes-striking,fourth-rock-from-sun,habitant,pearlescent,traveled,evolved,cradle(oflife),rocky(terrain),soft(atmosphere),warmth(climate),ancient(age),diverse(life),blue(oceans).,biosphere,our-home,celestialdream,vulnerable,swirlingwithdynamicweathersystems,intelligent(throughhumanlife),cosmicallybound.,sapphire-blue,mars-adjacent.,wandering,primordial.,azure-veined,blazing-orb,watery-mantle,breathing.,shaking,bald(polarregions),mud-covered,blue-veined,mellifluous(forwindsandoceanwaves),fractal-landscaped,inhabitable(forhumans),life-breathing,speaking(crustalplates),living(ecosystems),golden(sunlightreflections),relentless(temperament),masculine(foritsgravitationalforce),whirling(foritsrotation),orbital(foritspatharoundthesun),home(foritssignificancetohumanity).,combustible.,naturallywondrous,alivable,technologically-advanced,spaceship.,withdiverselandscapes,dynamicclimate,swirlingliquidcore,gravitationalforce,hometocountlessspecies,largelyunexplored.,bluenetworked,home(adjectiveusedmetaphoricallyheretoexpressitscrucialroleasthehomeplanetforhumanlife).,ivory(referringtoitssilvery-whitepolaricecaps).,swirlingwithwater,diverseecosystems,gravitationallystable,celestialbody.,-*-swirling-,unprecedented*-(note:iaddedthe'*-'and'*-swirling-,unprecedented*-'toaccountforthe10-wordlimitwhilemaintaining,expansive.,bio-diverse,trembling,twirling,breadthless,ambient,culturallyrich,endless.,dusty,astronomicallyunique,solitary,living(sincethisphraserepresentstwowords,iapologizefortheslighttransgression.),biocultural.,biospheric.,echoing,blue-white-streaked(atmosphere),third-from-the-sun.,magical(oruseanyotherwordthatcapturesitsmysteryandwonder),hanging,blazing(sunlit),icy(shadowed),ambiguous,roaming,iridescent(auroras),kaleidoscopic(biomes),planetearth,stone-covered,pristine,politics-riven,singing(planets,meteors),blink-of-an-eyeancient,inherentlybeautiful.,noteworthy,revolution,awesome,iridescent(indaylight),teeming(withlife),selenic(earth-likemoon).,inhabited(vast,diverseplanetthatrotates,inhabited).,incandescent(day),ield,ominous(duetovolcanoesandstorms),gigantic(fifthlargestplanetinthesolarsystem),life-sustaining(3rdrockfromthesun),evolving(constantlychangingatgeologicaltimescales),mysterious(,gblogs,rocks-crusted,oasis-harboring,sinceigen,ahabitable,teemingwithlife.,rare.,hostile-yet-nurturing,raging(forvolcanicactivity),synchronous,transformative.,ambitious,sweltering(hot),freezing(cold),round,evolutive,giants,geologically-active.,=gravitational,hollow,oscillatingplanet.,fragmented,viridant,celestial-orbit,biologicallyalive.,cosmic-orbiting,resourceful.,oceans-dominated,coalition(ofecosystems),lodge-of-life,hydrolic,third-rock-from-the-sun.,pleasant,iverse-bound,life-bursting,atmosphere-clad,sapient-inhabited.,iexo-planet,rotatingaxistilted,pale-blue-dot.,moon-orbited,wind-swept,glistening.,life-cycling,rough,spinning.,ofmoon-orbiting,dynamically-evolving,densely-populated,scalding(innercore),frigid(poles),gathering(atmosphere),home(tohumanity),soprano(foritssingingastronauts),terrestrial(itsplanetaryclassification),organic(foritslivingsuperstructure),depth-defying,windswept.,obliterated(bytime),swirling(referringtoweatherpatterns),plural(hosttomanylifeforms),sustainable(offersresourcesandhabitatforlife).,swirlingwithtectonicplates,suspendedincosmicsea,endeavoring,rhythmic(duetotides),luminous(fromthenorthernandsouthernlights),diverse(inflora,andcultures),sustainable(hasthecapacityforself-renewal),freezing(polar-iced),celtic(foritsabilitytosupportlife,"justlikethe""celta""incelticmythology",theancientpeople'snamefortheearth).,smoldering,conquered.,andancient.,sagittarian,earthquaking,gaean,voracious,cultural,astrological.,blazar-filled,gravity-driven,gorgeous.,migration-encouraging,catalystforlife,celestialwonder,crystal,rotation-bound,gravitationally-unified,ideal,cradled.,ominous(duetohuman-inducedchanges),blue-tinged,extremelycomplex,infinitesimal(inthecosmicscale),habituated,thirdplanet,inspiring,azure-sphered,green-hued,living-orb,spinning-globe,mighty-mantle,pulsating-heart,watery-cradle,azure-marbled,capable.,richinhistory,breathtakinglybeautiful.,economic,gemlike,biological,remarkablyhabitable,celestialoasis.,triangular(referringtoitsroughlyequilateralspheroidshape),swirling(referringtoitsrotation),flickering(referringtotheauroras),earthquake-prone,seas-covered.,diverse(inlifeforms),swirling(atmosphericpatterns),watery(70%coverage),vibrant(initsecology),vulnerable(underanthropogenicthreats).,helpingallthetime),planetarypsuedo-sphere,acelestialjewel.,blue-ocean-girdled,green-forest-covered,celestial-nursery.,swirling-sphere-of-elements,habitat-to-myriad-species,orbiting(vast,diverseplanet,orbitingmoon),.geologicallyactive,plural(referringtoitsinhabitants),overheating,iridescent(fromsunrisetosunset).,radiant.,untamed,bio-abundant,mineral-filled,cloaked,habitual(habitable),oaken,third-planet,tranquil(atnight),orbital(inoursolarsystem),generous(withnaturalresources),respiring(withoxygenandcarbondioxide).,geologicallyactive.,inclined,life-sculpting.,breatheable,transparent,sapient(habitable),oasis(home),blue-green(waterandvegetation),life-supported,iii-formed,susceptible,blue-greensprawling,spirit-stirring,blue-green(foritsprimarycolorsfromspace).,whispered,crisis-prone,utilitarian,cherished.,syncopated(fortectonicmovements),corvid(hometoourcorvidaespecies),orbiting(aroundthesun),fireball,sapient,earth-toned,eva'scradle,subtle,water-rich,molten-iron,glorious,pear-shaped,rapidly-evolving,perpetually-shifting,geologicalhaven,celestialmarvel.,hydrogen-dominated.,inhospitable(extremes),swirling(atmospheric),water-dominated.,crackling,lifebearing,spinningthroughspace,hometodiverselifeforms,teemingwithvibrantfloraandfauna,abletoadapttoshocks,intricatelysystemic,pebbly(referringtoitscrust),watery(spheremostlycoveredbyoceans),gaseous(atmosphere),celestial(inspace),vivacious(withnaturalphenomenalikeearthquakes,volcano
3223,2795,1073,3492,2166,9,95,1754,488,186,144,2014,2073,1775,242,24,31,1008,287,131,3,284,161,408,818,62,88,476,389,137,10,253,1,502,1014,5,69,199,155,645,17,4,208,311,122,12,11,39,1,25,28,109,67,4,59,50,34,156,238,5,1,42,9,17,790,24,43,76,32,102,18,4,25,9,161,282,21,1,426,23,407,2,44,144,156,1,249,68,4,195,5,48,65,30,50,5,1,5,3,338,15,2,4,11,6,1,21,219,158,7,1,8,152,7,70,179,4,41,12,21,34,2,5,1,15,2,34,23,34,47,7,16,8,16,4,21,35,20,42,13,2,1,26,13,2,4,61,7,4,51,1,1,9,2,2,1,11,3,69,3,29,35,1,2,22,1,1,1,39,15,37,1,34,2,6,6,10,1,1,1,8,11,6,1,21,10,1,5,18,113,34,1,14,11,49,5,5,1,28,1,21,1,1,2,16,4,1,8,1,1,1,1,1,1,7,13,7,59,1,37,1,4,3,1,3,3,12,5,8,6,25,2,1,1,5,1,1,1,1,15,1,1,1,10,2,2,2,1,9,1,1,1,3,5,2,1,1,2,1,2,1,14,52,38,1,1,20,1,1,15,16,10,1,1,10,3,2,1,5,4,1,1,5,1,51,6,67,21,1,1,1,2,1,1,1,2,14,1,1,25,2,3,4,16,5,3,1,1,10,26,2,37,4,3,3,12,3,6,3,5,5,14,1,10,7,4,28,5,1,10,3,1,5,2,1,1,2,12,6,25,2,2,16,4,15,7,23,2,1,3,1,11,1,2,1,2,4,3,6,12,1,21,3,2,29,2,3,1,1,1,1,1,1,8,2,1,1,1,6,1,1,1,1,4,1,1,1,2,5,1,3,6,1,9,1,2,1,1,1,14,1,3,1,1,6,8,1,1,2,1,7,2,10,2,1,1,1,1,1,1,1,1,1,1,31,1,1,3,1,1,2,1,1,1,2,1,5,2,1,10,4,2,2,1,3,4,2,3,5,11,1,1,41,4,3,1,1,5,4,1,1,20,4,1,1,1,1,2,5,1,2,6,1,7,2,2,1,10,8,1,1,9,1,5,6,8,3,1,10,1,1,1,3,7,8,3,1,12,1,21,1,6,1,1,1,1,1,1,1,1,1,3,1,1,1,10,1,2,1,1,1,1,10,1,1,2,1,1,1,1,1,1,1,1,1,1,1,1,1,16,1,4,4,6,1,1,1,4,1,1,1,1,6,1,1,1,2,8,2,13,1,5,2,1,1,4,9,1,9,4,10,2,6,1,1,10,2,16,1,3,5,8,1,1,1,2,1,3,2,1,1,2,1,2,4,1,2,4,3,3,1,1,1,6,1,1,1,3,1,1,1,2,3,1,1,1,1,1,1,1,4,3,1,1,1,2,6,1,1,1,1,1,1,1,1,1,1,1,1,1,1,1,3,1,1,1,1,1,1,1,1,1,1,3,1,2,2,2,1,1,2,1,1,1,1,1,1,3,5,1,1,1,6,1,5,3,3,2,9,1,6,3,9,6,4,1,2,1,1,1,8,1,1,1,2,5,2,5,1,1,1,2,2,1,1,9,1,1,13,1,1,1,1,2,1,1,1,1,1,1,1,5,7,2,1,1,1,3,1,2,1,2,3,1,2,1,1,1,1,1,1,1,3,1,1,1,1,1,1,1,1,4,2,1,3,4,1,1,1,1,1,1,1,1,2,1,3,2,12,1,1,15,1,2,1,1,1,4,1,1,1,2,2,1,1,11,2,4,1,1,14,2,1,1,2,1,1,1,5,1,1,2,2,1,2,2,1,1,1,1,5,1,2,1,1,1,1,1,3,1,1,1,1,1,1,1,1,1,2,1,1,1,1,1,1,2,1,1,1,3,1,1,1,1,1,4,1,1,2,1,4,1,1,1,1,1,1,1,2,2,2,4,1,3,5,1,5,1,1,1,1,1,1,1,1,1,1,1,1,1,1,1,3,3,1,1,1,1,1,2,1,1,1,1,1,1,1,1,1,1,1,1,1,1,1,1,1,1,1,1,1,1,1,3,1,1,1,1,1,3,1,1,1,1,2,1,1,1,1,2,1,3,1,1,1,1,2,1,1,2,3,7,1,1,8,1,1,3,1,2,2,3,1,1,3,1,1,1,2,2,1,1,1,2,1,2,1,1,2,2,4,1,1,1,1,1,1,1,3,1,1,1,10,1,5,1,1,1,1,1,1,1,1,1,1,1,1,1,1,1,1,2,1,1,1,1,1,3,2,2,5,1,1,4,1,1,2,3,1,1,1,1,1,2,1,1,1,2,1,1,1,1,1,1,1,2,2,1,1,1,1,1,1,1,1,1,1,2,1,2,1,1,1,1,1,2,1,3,2,1,1,1,1,1,1,1,1,1,1,1,1,2,1,1,2,1,2,1,1,1,1,2,1,1,1,2,1,1,1,1,2,1,3,1,1,1,1,1,1,1,1,1,1,1,1,2,1,1,1,1,1,2,2,1,1,1,1,1,1,1,1,1,2,1,1,1,1,1,1,2,1,1,1,1,2,1,1,1,1,1,1,3,1,1,1,1,1,1,1,1,1,1,2,1,1,1,1,1,1,1,1,1,1,1,1,1,1,1,1,1,1,1,1,1,1,1,1,1,1,1,1,1,1,1,1,1,3,1,1,1,1,1,6,1,2,1,1,1,1,1,1,1,1,1,1,1,2,1,1,1,1,1,1,1,1,1,1,1,1,1,1,1,1,1,1,2,1,1,1,1,1,1,1,1,1,1,1,1,1,1,3,1,1,1,1,1,1,1,1,1,1,1,1,1,1,1,1,1,2,1,1,1,1,1,1,1,1,1,1,1,3,1,1,1,1,1,1,2,1,1,1,1,1,2,1,1,1,1,1,1,1,1,1,1,1,1,1,1,1,1,1,1,1,1,1,1,1,2,1,1,1,1,1,1,1,1,1,1,2,1,2,5,1,2,1,1,1,1,1,1,1,1,1,1,1,1,1,1,2,1,1,1,1,1,5,2,1,1,1,1,1,1,1,1,1,1,1,1,1,1,1,2,2,1,1,1,1,3,1,1,1,1,1,1,2,1,1,1,1,1,1,1,1,1,1,1,1,1,1,1,1,1,1,1,1,1,1,1,1,1,1,1,1,1,2,3,1,1,1,1,1,1,1,1,2,1,1,2,2,1,1,1,1,1,1,1,1,3,1,1,1,1,2,1,1,1,1,1,1,1,1,1,1,1,1,2,1,1,1,1,1,1,1,1,1,1,1,1,1,1,2,1,1,1,1,1,1,1,1,1,1,1,1,1,1,2,1,1,1,1,1,1,1,1,1,1,1,1,2,1,2,1,1,1,1,1,1,1,1,2,1,2,1,1,1,1,1,2,1,1,1,1,1,1,2,1,1,1,1,1,1,1,1,1,1,1,2,1,3,1,1,1,1,1,1,3,1,1,1,1,1,1,1,1,1,1,1,1,1,1,1,1,2,1,1,1,1,1,1,1,1,1,1,1,1,1,5,1,1,1,1,1,1,1,1,1,1,1,1,1,1,2,1,1,1,1,1,2,1,2,1,1,1,1,1,1,1,1,1,1,1,1,1,1,1,1,1,1,1,1,1,3,1,1,1,1,1,1,1,1,1,1,1,1,1,1,1,1,1,1,1,1,1,1,1,1,1,1,1,1,1,1,1,1,1,1,1,1,1,1,1,1,1,1,1,1,1,1,1,1,1,1,2,2,1,1,1,1,2,1,2,1,1,1,1,2,1,1,1,1,1,1,1,1,1,1,1,1,1,1,1,1,1,1,1,2,1,1,2,1,2,1,1,1,1,1,1,1,1,1,1,1,1,1,1,1,1,1,1,1,2,1,1,1,1,1,1,1,1,1,1,1,1,1,1,1,1,1,1,1,1,1,1,1,1,1,1,1,1,1,1,2,1,1,1,1,1,1,1,1,1,1,1,1,1,1,1,1,1,1,1,1,1,1,1,1,1,1,1,1,1,1,1,1,1,1,1,1,1,1,1,1,1,1,1,1,1,1,1,1,1,1,1,1,1,1,1,1,1,1,1,1,1,1,1,1,1,1,1,1,1,2,1,1,1,1,1,1,1,1,1,1,1,1,1,1,1,1,1,1,1,1,1,1,1,1,1,1,1,1,1,1,1,1,1,1,1,1,1,1,1,1,1,1,1,1,1,1,1,1,1,1,1,1,1,1,1,1,1,1,1,1,1,1,1,1,1,1,1,1,1,1,1,1,1,1,1,1,1,1,1,1,1,1,1,1,1,1,1,1,1,1,1,1,1
